{"cameraMode":{"drawMode":0,"name":"Shaded","section":"Shading Mode"},"sceneLighting":true,"audioPlay":false,"sceneViewState":{"m_AlwaysRefresh":false,"showFog":true,"showSkybox":true,"showFlares":true,"showImageEffects":true,"showParticleSystems":true,"showVisualEffectGraphs":true,"m_FxEnabled":true},"in2DMode":false,"pivot":{"x":2.923929214477539,"y":-0.2694277763366699,"z":0.07757711410522461},"rotation":{"x":-0.09620214253664017,"y":-0.8252103924751282,"z":0.1474982649087906,"w":-0.5368912220001221},"size":7.0240068435668949,"orthographic":false}